Region,ISO_code,Cname,Vaccine,2018,2017,2016,2015,2014,2013,2012,2011,2010,2009,2008,2007,2006,2005,2004,2003,2002,2001,2000,1999,1998,1997,1996,1995,1994,1993,1992,1991,1990,1989,1988,1987,1986,1985,1984,1983,1982,1981,1980
EMR,AFG,Afghanistan,Pol3,73,73,73,67,58,62,67,68,66,63,64,63,58,58,50,41,36,35,24,27,28,28,31,20,8,18,21,23,25,33,35,25,11,15,16,5,5,3,
EUR,ALB,Albania,Pol3,99,99,98,99,98,99,99,99,99,98,99,99,97,97,98,97,98,97,97,97,97,99,99,98,98,98,97,82,89,96,96,94,94,94,92,92,92,92,92
AFR,DZA,Algeria,Pol3,91,91,91,95,95,95,95,95,95,94,92,95,95,88,86,87,86,89,86,83,85,89,88,88,87,88,88,89,89,87,85,79,72,69,30,30,31,31,
EUR,AND,Andorra,Pol3,99,99,98,97,97,96,99,99,99,99,99,96,93,98,99,99,95,95,95,95,90,90,,,,,,,,,,,,,,,,,
AFR,AGO,Angola,Pol3,56,47,53,57,55,48,54,50,56,36,36,43,8,14,18,21,22,28,21,32,43,38,33,28,28,28,21,26,23,19,13,16,15,13,,,,,
AMR,ATG,Antigua and Barbuda,Pol3,94,94,87,86,96,98,97,99,99,98,99,98,99,98,97,99,93,99,96,99,99,99,99,99,99,99,99,97,99,99,99,99,96,99,93,99,86,47,36
AMR,ARG,Argentina,Pol3,84,84,87,93,92,90,90,93,95,97,94,92,92,95,91,95,94,85,88,91,90,92,90,90,85,82,85,86,90,86,90,85,79,73,72,79,48,40,33
EUR,ARM,Armenia,Pol3,92,96,96,96,95,96,96,96,96,94,91,90,87,92,93,96,96,97,96,97,96,95,97,93,92,92,92,,,,,,,,,,,,
WPR,AUS,Australia,Pol3,95,95,94,93,92,91,92,92,92,92,92,92,92,92,92,92,92,91,90,88,83,77,86,86,83,80,78,75,72,95,95,95,95,94,94,94,68,43,17
EUR,AUT,Austria,Pol3,85,90,87,93,98,95,92,89,86,83,83,85,83,86,83,84,82,83,71,79,87,95,95,90,90,90,90,90,90,90,90,90,90,90,90,90,90,90,90
EUR,AZE,Azerbaijan,Pol3,96,97,98,98,97,96,92,91,85,84,85,81,80,79,78,79,80,77,75,76,74,73,72,71,68,69,63,,,,,,,,,,,,
AMR,BHS,Bahamas (the),Pol3,90,94,94,95,96,97,99,97,97,97,93,95,94,93,92,93,93,98,91,82,88,86,85,86,91,91,92,91,82,82,84,76,81,84,69,65,67,40,35
EMR,BHR,Bahrain,Pol3,99,98,99,98,98,99,99,99,99,97,97,97,98,98,98,97,98,99,97,97,98,98,96,95,96,94,94,99,94,96,96,95,92,90,86,83,79,75,72
SEAR,BGD,Bangladesh,Pol3,98,98,98,98,97,96,94,96,94,97,96,96,95,94,88,90,83,85,83,81,79,78,77,69,84,74,67,74,69,49,16,8,4,2,1,1,1,1,
AMR,BRB,Barbados,Pol3,94,91,97,97,95,91,88,91,90,93,85,93,85,91,93,90,86,93,86,86,93,96,85,93,91,88,89,84,90,80,73,68,80,88,77,62,63,54,99
EUR,BLR,Belarus,Pol3,98,98,98,99,97,98,98,98,99,98,98,90,97,98,99,53,99,99,99,99,99,98,98,96,92,91,90,,,,,,,,,,,,
EUR,BEL,Belgium,Pol3,98,98,98,99,99,99,99,98,98,98,99,99,99,97,96,96,96,96,96,95,95,94,94,92,93,94,94,93,95,95,95,97,99,97,95,90,90,99,99
AMR,BLZ,Belize,Pol3,96,88,96,94,95,95,98,95,96,98,94,97,98,96,97,95,93,96,91,84,87,85,85,83,84,86,89,80,86,74,63,58,84,61,61,61,65,54,44
AFR,BEN,Benin,Pol3,75,75,75,72,71,73,80,77,77,80,77,82,76,73,74,75,76,77,78,74,70,66,67,68,82,75,73,68,74,48,30,25,17,16,,,,,
SEAR,BTN,Bhutan,Pol3,97,97,97,98,98,97,97,95,92,93,96,93,96,95,90,96,89,88,98,89,85,87,86,86,84,82,85,91,96,76,70,63,54,41,27,14,11,11,4
AMR,BOL,Bolivia (Plurinational State of),Pol3,83,83,87,88,85,88,93,95,90,92,87,85,82,84,84,82,76,71,74,79,59,57,61,64,60,56,54,52,50,51,40,41,42,30,46,11,12,15,14
EUR,BIH,Bosnia and Herzegovina,Pol3,73,75,79,74,86,87,87,89,90,90,92,95,91,95,87,87,86,92,87,90,89,80,74,69,69,45,65,,,,,,,,,,,,
AFR,BWA,Botswana,Pol3,96,96,96,96,96,96,96,96,96,96,96,96,96,96,96,96,97,97,97,97,93,95,95,94,93,92,91,91,90,89,89,86,88,85,83,80,77,71,46
AMR,BRA,Brazil,Pol3,85,75,72,98,96,96,96,98,99,99,99,99,99,99,99,99,99,99,99,99,95,89,80,79,70,64,65,67,58,54,57,53,51,52,55,55,51,39,69
WPR,BRN,Brunei Darussalam,Pol3,99,99,99,99,99,99,92,96,99,99,97,95,94,93,92,99,99,99,99,97,98,99,99,99,99,99,95,94,92,91,89,88,86,88,94,90,99,95,89
EUR,BGR,Bulgaria,Pol3,92,92,92,91,88,95,95,95,94,94,96,95,96,97,94,96,94,94,94,97,96,96,95,97,94,97,99,81,99,99,99,99,99,99,99,98,99,99,99
AFR,BFA,Burkina Faso,Pol3,91,91,91,91,91,89,90,90,90,91,92,93,94,94,83,83,69,62,45,15,15,39,37,35,36,39,41,53,66,44,34,23,21,10,,,,,
AFR,BDI,Burundi,Pol3,90,91,94,94,95,96,96,95,94,96,89,93,88,82,76,75,74,72,71,70,61,69,72,73,49,64,81,89,97,86,51,71,56,58,21,35,43,39,
AFR,CPV,Cabo Verde,Pol3,98,96,95,93,95,93,94,90,99,99,99,98,97,95,94,93,92,91,90,89,88,87,88,89,89,90,89,88,87,99,85,87,60,39,31,22,,,
WPR,KHM,Cambodia,Pol3,90,91,91,92,92,71,90,91,90,95,91,82,80,82,86,69,54,59,62,65,57,56,48,39,38,36,32,39,38,48,45,57,35,26,18,,,,
AFR,CMR,Cameroon,Pol3,78,84,83,83,86,88,85,80,83,79,82,81,78,79,72,72,66,61,57,58,53,47,43,46,42,34,37,46,54,54,51,44,42,35,26,25,15,5,
AMR,CAN,Canada,Pol3,91,91,91,91,91,91,91,87,90,93,96,99,95,93,91,88,88,88,88,88,88,88,89,89,89,89,89,88,88,87,87,86,,,,,,,
AFR,CAF,Central African Republic (the),Pol3,47,47,47,47,47,23,47,47,46,45,46,46,47,47,45,44,42,40,38,36,45,44,47,51,46,46,45,64,82,61,42,22,19,20,17,16,14,11,13
AFR,TCD,Chad,Pol3,44,44,44,52,44,46,51,40,43,32,30,38,49,37,31,36,31,26,30,34,29,24,20,18,18,12,10,18,20,20,14,13,8,3,4,,,,
AMR,CHL,Chile,Pol3,95,93,95,96,95,90,90,93,92,94,95,95,94,92,94,96,97,96,91,95,90,90,91,94,94,90,90,94,95,95,96,93,90,99,99,89,99,99,93
WPR,CHN,China,Pol3,99,99,99,99,99,99,99,99,99,99,99,94,94,87,87,87,86,86,86,86,85,85,84,82,87,90,93,95,98,96,96,78,68,87,84,81,80,,
AMR,COL,Colombia,Pol3,92,92,91,91,90,91,91,85,88,92,92,93,94,93,89,92,83,83,82,77,75,85,87,87,87,92,84,91,93,90,94,82,53,62,68,42,27,22,16
AFR,COM,Comoros (the),Pol3,94,94,92,92,87,85,85,85,82,84,81,75,69,67,73,80,98,70,70,73,75,48,60,78,58,70,46,55,94,78,44,73,73,53,32,,,,
AFR,COG,Congo (the),Pol3,75,69,71,80,90,85,68,72,72,76,77,71,73,62,67,50,41,32,31,29,25,21,47,50,55,60,67,74,80,79,71,71,71,73,59,53,48,42,42
WPR,COK,Cook Islands,Pol3,99,99,99,99,99,98,98,93,99,82,99,99,99,99,99,95,97,90,92,92,93,93,75,93,86,99,87,87,83,89,94,82,82,91,96,47,57,48,39
AMR,CRI,Costa Rica,Pol3,94,96,97,92,91,95,90,82,93,80,89,89,89,91,90,88,94,92,80,84,85,97,85,86,88,88,91,90,95,86,87,92,87,88,94,86,80,85,86
AFR,CIV,CÃ´te d'Ivoire,Pol3,82,82,71,74,71,74,83,58,81,77,58,75,76,87,76,68,70,70,66,58,59,59,54,46,49,51,49,51,56,42,32,27,22,16,11,,,,
EUR,HRV,Croatia,Pol3,94,92,93,94,95,96,96,96,97,96,96,96,96,96,96,95,95,94,94,93,93,92,91,90,87,86,85,,,,,,,,,,,,
AMR,CUB,Cuba,Pol3,99,98,98,99,99,99,98,99,99,99,99,99,99,99,98,98,98,99,98,96,97,97,98,95,96,97,99,97,94,96,98,86,99,88,95,95,83,97,99
EUR,CYP,Cyprus,Pol3,97,97,97,97,99,99,99,99,99,99,97,97,97,98,98,98,98,97,97,97,98,98,98,96,96,95,95,94,94,93,90,93,91,61,31,36,27,44,35
EUR,CZE,Czech Republic,Pol3,94,94,96,97,99,99,99,99,99,99,99,99,98,96,96,97,97,97,98,98,97,97,98,98,98,99,,,,,,,,,,,,,
SEAR,PRK,Democratic People's Republic of Korea (the),Pol3,99,99,99,99,99,99,99,99,99,98,98,99,98,97,99,99,99,98,93,87,82,76,82,88,93,99,99,98,99,79,58,70,62,65,52,52,51,51,50
AFR,COD,Democratic Republic of the Congo (the),Pol3,79,79,74,78,79,74,76,77,76,78,64,72,62,60,52,47,40,30,42,21,18,18,18,24,27,29,31,16,34,38,41,38,39,34,30,26,22,18,15
EUR,DNK,Denmark,Pol3,97,98,94,93,94,94,94,91,90,89,88,87,93,93,95,96,98,97,97,99,99,99,99,97,99,96,98,98,99,98,99,97,94,99,96,98,99,98,99
EMR,DJI,Djibouti,Pol3,84,76,68,84,78,82,81,87,88,89,89,88,72,71,64,68,62,49,46,24,23,32,41,41,41,41,41,53,85,77,65,25,24,22,21,14,6,,
AMR,DMA,Dominica,Pol3,94,91,99,98,97,96,97,98,99,99,95,93,96,98,99,99,98,99,99,99,99,97,99,99,99,99,99,94,94,94,97,95,92,89,82,92,73,97,53
AMR,DOM,Dominican Republic (the),Pol3,89,80,82,87,90,82,85,84,85,85,86,86,88,86,66,65,74,71,71,71,68,71,70,70,98,82,73,74,90,70,65,79,79,39,99,22,43,42,46
AMR,ECU,Ecuador,Pol3,85,83,79,84,84,87,85,85,88,91,94,95,92,89,90,97,88,90,83,83,83,79,80,82,83,84,86,61,67,64,58,51,44,39,47,32,36,27,19
EMR,EGY,Egypt,Pol3,95,94,95,93,94,97,93,96,97,97,97,98,98,98,97,98,97,99,98,97,95,94,91,90,91,89,89,86,87,90,89,82,89,84,78,67,67,67,67
AMR,SLV,El Salvador,Pol3,83,89,95,92,93,92,93,90,89,91,98,99,96,89,90,93,81,94,98,92,99,97,94,94,89,79,61,61,80,64,63,57,51,54,30,20,42,38,42
AFR,GNQ,Equatorial Guinea,Pol3,27,27,20,17,24,30,30,39,59,57,55,54,52,50,48,46,44,43,41,39,81,81,80,79,77,76,76,75,75,15,11,8,4,4,,,,,
AFR,ERI,Eritrea,Pol3,95,95,95,95,94,94,94,94,95,95,95,95,94,96,98,95,92,89,82,93,86,75,66,58,49,32,,,,,,,,,,,,,
EUR,EST,Estonia,Pol3,92,93,93,93,93,94,94,93,94,95,95,95,95,96,95,95,94,94,93,91,88,86,86,80,76,67,,,,,,,,,,,,,
AFR,SWZ,Eswatini,Pol3,90,90,90,84,98,98,92,85,89,89,89,88,88,88,88,87,87,87,87,86,86,86,81,81,96,86,93,79,89,89,89,74,72,59,49,43,39,22,
AFR,ETH,Ethiopia,Pol3,67,76,74,78,68,70,70,70,69,65,63,61,59,56,54,55,55,55,55,57,70,83,73,65,57,28,13,21,49,26,16,16,7,6,4,4,3,3,3
WPR,FJI,Fiji,Pol3,99,99,99,99,99,99,99,99,99,99,99,99,98,97,96,95,94,92,91,90,89,88,99,99,96,96,98,99,96,99,99,92,73,68,72,81,65,62,55
EUR,FIN,Finland,Pol3,91,89,92,97,98,98,99,99,99,99,97,97,97,97,96,96,95,95,96,95,95,95,99,99,98,99,99,97,90,90,99,97,95,89,84,78,78,90,90
EUR,FRA,France,Pol3,96,96,96,97,98,99,99,99,99,98,99,99,99,98,99,96,97,98,98,98,97,97,97,97,97,95,95,95,95,84,81,89,97,97,97,92,86,80,80
AFR,GAB,Gabon,Pol3,64,74,74,79,68,77,80,75,68,74,81,78,44,44,44,44,44,44,44,44,47,50,60,70,69,67,66,72,78,78,72,65,59,48,,,,,
AFR,GMB,Gambia,Pol3,93,92,95,96,97,96,98,95,97,97,96,94,94,94,88,87,86,85,84,83,91,99,97,98,97,96,94,94,94,92,88,80,67,62,78,70,76,66,53
EUR,GEO,Georgia,Pol3,93,91,92,91,91,94,93,88,88,93,90,88,89,82,66,74,89,83,81,82,80,81,82,82,82,82,68,,,,,,,,,,,,
EUR,DEU,Germany,Pol3,93,93,93,93,93,93,94,94,94,95,95,95,94,95,96,96,97,96,94,94,94,95,95,95,95,95,80,80,80,80,80,80,90,85,90,94,95,95,80
AFR,GHA,Ghana,Pol3,98,94,95,88,94,91,91,91,94,94,92,94,84,85,81,80,80,81,88,78,78,72,72,71,71,67,62,60,57,50,45,40,29,18,19,23,25,25,7
EUR,GRC,Greece,Pol3,99,99,99,99,99,99,99,99,99,99,99,99,98,96,95,93,92,90,89,87,91,95,95,95,95,95,95,77,96,96,98,97,97,96,98,97,96,95,90
AMR,GRD,Grenada,Pol3,96,91,98,99,81,98,98,95,94,99,99,96,91,99,84,98,98,96,97,87,95,95,80,77,95,91,90,82,69,86,64,81,92,77,75,72,61,41,32
AMR,GTM,Guatemala,Pol3,85,81,82,90,65,84,94,88,94,92,96,85,90,87,88,84,82,78,80,75,77,73,73,80,73,77,70,69,74,58,58,18,36,42,48,44,45,42,43
AFR,GIN,Guinea,Pol3,45,45,45,45,42,49,56,63,62,60,59,46,53,59,65,61,56,52,47,43,59,46,48,54,53,53,52,37,18,16,16,16,16,16,15,15,15,,
AFR,GNB,Guinea-Bissau,Pol3,89,89,89,89,88,88,87,85,82,78,77,76,74,73,69,65,60,56,52,48,54,60,54,45,69,63,66,63,60,54,70,55,47,18,4,3,,,
AMR,GUY,Guyana,Pol3,94,94,94,92,97,98,97,93,95,97,93,94,92,93,91,91,93,90,79,83,90,88,83,87,90,92,87,81,79,79,69,77,67,77,41,62,73,37,42
AMR,HTI,Haiti,Pol3,64,64,64,64,63,64,66,67,66,65,64,62,61,60,58,56,54,52,50,48,45,42,42,42,41,39,37,35,40,50,48,28,24,19,13,6,7,3,8
AMR,HND,Honduras,Pol3,90,89,94,98,98,98,98,97,97,97,93,94,94,98,94,92,95,99,88,95,97,93,94,94,95,95,94,93,87,86,70,61,63,58,73,51,47,37,31
EUR,HUN,Hungary,Pol3,99,99,99,99,99,99,99,99,99,99,99,99,99,99,99,99,98,99,99,99,99,99,99,99,99,99,99,98,99,99,99,99,99,99,98,98,99,98,98
EUR,ISL,Iceland,Pol3,91,89,91,92,90,91,89,95,96,96,98,97,97,95,99,97,95,92,98,98,99,99,99,99,99,99,94,99,99,99,99,99,99,99,99,97,98,99,99
SEAR,IND,India,Pol3,89,89,86,86,84,82,79,79,76,73,69,67,66,65,58,57,58,58,57,57,60,63,67,71,67,61,56,58,66,55,37,27,16,14,12,10,8,2,2
SEAR,IDN,Indonesia,Pol3,80,80,80,80,80,86,84,81,82,85,83,77,78,79,79,80,80,77,72,86,87,79,83,71,69,67,65,62,60,56,53,49,46,13,6,4,1,1,
EMR,IRN,Iran (Islamic Republic of),Pol3,99,99,99,98,99,98,99,99,99,99,99,98,99,95,98,99,99,95,99,99,99,99,99,97,95,99,97,88,90,82,88,58,58,63,34,34,74,47,38
EMR,IRQ,Iraq,Pol3,71,86,77,72,74,76,73,82,74,78,71,74,63,69,69,73,76,80,83,87,79,80,77,73,72,70,74,79,83,87,91,95,91,86,63,16,16,16,16
EUR,IRL,Ireland,Pol3,94,95,95,95,96,96,95,95,94,94,93,92,91,90,89,86,83,84,86,86,84,76,77,77,78,79,80,80,81,81,72,78,84,90,74,76,79,76,72
EUR,ISR,Israel,Pol3,98,98,94,95,95,96,94,94,95,96,94,95,94,95,95,93,91,93,93,92,92,95,95,96,97,97,96,94,93,93,94,93,93,86,87,88,93,93,85
EUR,ITA,Italy,Pol3,95,95,93,93,95,96,96,96,96,96,96,97,97,97,97,97,96,96,97,97,96,98,97,98,98,97,97,98,98,75,85,81,95,92,90,90,,,
AMR,JAM,Jamaica,Pol3,98,93,99,91,93,86,96,93,94,90,91,94,99,99,97,99,99,99,95,90,88,90,92,91,93,80,74,86,87,84,83,82,74,58,57,47,72,37,34
WPR,JPN,Japan,Pol3,97,97,99,99,99,99,99,96,98,99,98,97,95,95,97,97,89,81,98,98,97,97,99,97,94,91,94,94,90,93,94,95,95,95,95,95,95,,
EMR,JOR,Jordan,Pol3,92,99,98,99,98,98,98,98,98,98,98,98,98,95,95,97,95,97,94,85,99,99,96,95,94,91,92,92,92,94,92,89,88,84,81,77,75,81,32
EUR,KAZ,Kazakhstan,Pol3,98,99,82,98,95,98,98,99,98,99,99,94,99,99,99,99,95,95,96,99,99,99,98,94,69,69,87,,,,,,,,,,,,
AFR,KEN,Kenya,Pol3,81,81,88,83,93,94,94,97,90,89,88,76,77,70,73,75,83,77,80,81,81,81,87,94,92,89,87,86,84,83,82,77,72,70,57,,,,
WPR,KIR,Kiribati,Pol3,93,90,82,80,79,91,92,95,95,84,74,93,86,74,61,79,96,88,90,76,83,93,82,58,81,99,90,76,97,86,62,5,10,15,23,25,40,20,10
EMR,KWT,Kuwait,Pol3,99,99,99,99,94,99,98,99,98,99,99,99,99,99,98,99,99,99,94,94,94,99,99,99,99,97,89,80,71,94,94,93,91,91,89,90,84,79,70
EUR,KGZ,Kyrgyzstan,Pol3,92,93,97,97,95,97,94,94,88,96,95,94,93,98,98,98,99,99,99,99,97,99,94,96,84,69,91,,,,,,,,,,,,
WPR,LAO,Lao People's Democratic Republic (the),Pol3,67,68,66,80,88,86,78,79,76,67,60,46,56,50,46,52,55,55,57,64,67,69,68,64,58,26,27,22,26,22,17,10,6,4,5,7,7,7,
EUR,LVA,Latvia,Pol3,96,98,98,94,92,94,91,92,92,94,94,94,96,99,99,98,98,97,96,95,94,92,93,98,98,83,95,,,,,,,,,,,,
EMR,LBN,Lebanon,Pol3,81,81,81,81,81,81,80,79,77,76,75,75,75,74,74,74,77,80,83,86,89,92,94,93,93,91,88,86,82,78,62,46,30,17,4,6,9,4,
AFR,LSO,Lesotho,Pol3,90,90,90,90,90,90,93,95,92,89,86,87,88,88,89,90,84,78,82,86,86,86,87,88,87,86,84,83,82,81,79,78,79,80,72,64,59,54,56
AFR,LBR,Liberia,Pol3,84,86,79,52,49,75,80,77,71,84,79,67,66,66,47,49,51,54,56,58,,,,,,,,,,,,,,,,,,,
EMR,LBY,Libya,Pol3,97,96,97,97,94,96,98,98,98,98,98,98,98,98,97,95,93,94,94,94,95,96,96,95,95,96,90,87,84,87,84,82,82,81,81,79,72,67,60
EUR,LTU,Lithuania,Pol3,92,94,94,93,93,93,93,92,95,98,96,95,94,93,90,91,97,97,92,88,88,95,93,89,88,86,88,,,,,,,,,,,,
EUR,LUX,Luxembourg,Pol3,99,99,99,99,99,99,99,96,96,96,96,96,99,99,99,99,99,99,99,99,98,98,98,96,94,92,90,90,90,90,90,90,90,90,90,90,,,
AFR,MDG,Madagascar,Pol3,76,71,75,71,73,73,71,73,70,76,77,83,83,80,74,65,61,60,58,57,53,48,48,56,64,64,64,54,46,42,41,34,28,21,13,11,8,,
AFR,MWI,Malawi,Pol3,91,87,83,88,87,89,95,97,86,93,92,88,99,94,94,85,79,86,73,77,93,94,82,90,84,91,98,96,93,90,72,78,53,55,56,58,58,57,28
WPR,MYS,Malaysia,Pol3,99,99,98,99,97,97,97,96,96,97,97,97,95,96,95,96,94,95,98,97,97,98,97,98,94,91,91,91,90,84,67,68,62,56,55,55,66,69,67
SEAR,MDV,Maldives,Pol3,99,99,99,99,99,99,99,96,97,98,98,98,98,98,96,98,98,97,98,98,97,97,96,97,97,98,98,97,94,91,86,42,42,28,24,13,1,1,4
AFR,MLI,Mali,Pol3,73,70,67,65,62,57,65,72,77,77,74,76,79,78,70,67,65,56,53,53,52,52,53,49,39,46,38,34,42,26,18,8,6,8,,,,,
EUR,MLT,Malta,Pol3,97,98,97,97,99,99,99,96,76,73,72,76,83,94,89,94,95,95,94,93,92,92,92,92,78,83,81,86,86,88,79,87,73,84,90,85,80,75,
WPR,MHL,Marshall Islands (the),Pol3,80,79,69,85,77,79,80,88,95,99,96,91,95,88,68,80,80,56,36,86,86,71,77,64,62,52,62,71,89,63,37,33,,,,,,,
AFR,MRT,Mauritania,Pol3,81,81,73,67,81,80,80,73,52,63,73,75,68,71,68,75,91,75,58,61,16,28,50,56,50,44,39,28,33,28,29,10,11,16,21,20,19,18,
AFR,MUS,Mauritius,Pol3,98,95,96,98,98,98,98,98,99,99,99,96,98,97,98,99,88,93,88,85,90,90,90,93,89,89,88,91,86,86,87,96,97,91,87,91,96,83,90
AMR,MEX,Mexico,Pol3,88,85,96,87,87,83,99,97,95,95,96,98,98,98,98,98,98,97,97,96,96,95,95,92,92,83,91,87,66,96,95,97,96,67,99,88,99,99,91
WPR,FSM,Micronesia (Federated States of),Pol3,75,72,68,71,76,81,81,83,85,81,88,79,81,94,82,88,84,79,85,76,79,75,78,81,81,79,79,78,85,78,71,56,,,,,,,
EUR,MCO,Monaco,Pol3,99,99,99,99,99,99,99,99,99,99,99,99,99,99,99,99,99,99,99,99,99,99,99,99,99,99,98,98,99,99,99,,,,,,,,
WPR,MNG,Mongolia,Pol3,99,99,99,99,99,98,99,99,96,96,95,99,98,99,99,98,98,95,94,94,94,92,90,86,77,79,54,78,87,87,87,86,86,86,86,86,86,86,86
EUR,MNE,Montenegro,Pol3,87,87,89,89,91,94,94,95,93,91,95,92,90,,,,,,,,,,,,,,,,,,,,,,,,,,
EMR,MAR,Morocco,Pol3,99,99,99,99,99,99,99,98,99,99,99,95,97,98,97,91,94,93,95,91,93,95,95,90,87,86,87,82,81,80,82,82,63,51,45,41,32,,
AFR,MOZ,Mozambique,Pol3,80,80,80,80,79,78,73,73,73,74,74,75,73,71,69,67,76,72,69,65,62,58,55,57,55,49,50,46,46,47,38,38,32,25,32,38,43,32,
SEAR,MMR,Myanmar,Pol3,91,89,89,89,88,76,87,90,90,90,85,84,82,86,92,86,84,77,88,88,90,90,87,84,77,73,71,66,88,45,22,10,4,3,2,3,1,,
AFR,NAM,Namibia,Pol3,84,83,84,92,88,89,84,85,83,83,83,81,74,86,81,82,78,79,80,72,74,69,71,73,80,79,70,70,,,,,,,,,,,
WPR,NRU,Nauru,Pol3,90,87,97,91,95,87,79,99,99,99,99,99,90,80,73,66,59,99,27,64,72,36,46,56,60,63,67,70,74,70,67,55,59,73,52,,,,
SEAR,NPL,Nepal,Pol3,91,90,85,90,92,92,90,92,83,93,82,82,91,78,80,76,72,73,74,76,66,70,60,50,54,51,48,45,42,42,43,43,34,20,6,4,3,1,
EUR,NLD,Netherlands (the),Pol3,93,94,95,95,96,97,97,97,97,97,97,97,96,96,98,98,97,97,97,97,97,97,97,97,97,97,98,97,97,97,97,97,97,97,97,97,97,96,96
WPR,NZL,New Zealand,Pol3,93,94,92,92,93,92,93,95,93,92,89,88,89,89,87,86,84,82,82,85,82,99,94,87,84,76,68,68,90,83,75,74,84,84,84,72,,,
AMR,NIC,Nicaragua,Pol3,99,99,99,99,99,99,99,99,99,99,97,93,88,87,80,86,85,89,85,85,83,83,83,83,84,84,84,85,90,87,91,99,94,88,81,83,71,24,21
AFR,NER,Niger (the),Pol3,79,85,82,83,79,62,71,40,75,71,68,57,52,46,45,44,43,42,41,40,33,25,23,23,20,20,20,19,22,13,9,7,5,4,5,5,6,6,
AFR,NGA,Nigeria,Pol3,57,57,57,40,50,46,42,48,54,66,60,54,46,45,43,42,40,36,31,27,22,25,26,31,45,28,38,42,55,47,36,28,21,16,8,,,,
WPR,NIU,Niue,Pol3,99,99,99,99,99,99,99,99,99,99,99,99,99,86,99,95,99,99,99,99,99,99,99,99,99,99,99,99,99,99,99,99,80,62,43,55,67,79,76
EUR,MKD,North Macedonia,Pol3,91,91,95,92,96,98,97,97,95,96,96,96,92,98,95,96,97,91,96,95,94,97,94,95,91,99,,,,,,,,,,,,,
EUR,NOR,Norway,Pol3,96,96,96,95,93,94,95,94,93,94,94,93,94,91,92,92,93,91,91,91,91,91,92,92,93,92,98,93,84,84,84,80,84,90,90,90,,,
EMR,OMN,Oman,Pol3,99,99,99,99,99,99,99,99,99,96,97,97,98,99,99,99,99,99,99,99,99,99,99,99,97,97,99,95,98,98,90,89,82,60,45,31,24,19,18
EMR,PAK,Pakistan,Pol3,75,75,75,72,69,65,64,63,52,52,53,54,58,63,67,66,64,63,61,60,58,52,46,58,39,37,42,50,54,40,38,36,34,30,23,15,5,3,2
WPR,PLW,Palau,Pol3,98,97,98,89,95,99,89,98,68,48,92,94,98,98,98,99,99,98,96,96,96,90,99,99,34,99,99,98,99,99,99,98,,,,,,,
AMR,PAN,Panama,Pol3,88,81,86,72,80,81,87,91,95,85,86,84,98,88,92,95,99,95,99,94,97,99,92,86,83,83,77,82,86,72,70,74,72,71,65,84,60,74,70
WPR,PNG,Papua New Guinea,Pol3,67,60,73,74,64,80,81,69,72,79,76,72,67,61,59,62,54,52,51,51,49,35,58,68,60,56,57,68,68,52,48,46,42,34,32,27,27,32,29
AMR,PRY,Paraguay,Pol3,88,92,93,93,93,89,89,89,89,82,85,95,98,96,92,86,87,90,86,83,79,75,72,68,70,66,73,68,64,59,70,81,90,99,68,47,39,26,14
AMR,PER,Peru,Pol3,83,83,88,88,78,71,94,91,92,92,93,93,94,66,81,95,95,90,93,96,93,91,93,89,87,88,85,74,73,60,61,45,50,47,28,22,23,20,16
WPR,PHL,Philippines (the),Pol3,66,74,72,79,77,84,88,87,78,86,91,87,88,90,85,85,77,76,74,79,82,82,74,67,71,74,78,90,88,85,78,72,65,58,56,55,51,46,50
EUR,POL,Poland,Pol3,87,90,92,92,94,95,95,96,96,96,96,99,99,99,99,98,98,98,98,98,98,98,97,96,95,95,94,94,96,96,96,96,95,94,95,95,95,95,96
EUR,PRT,Portugal,Pol3,99,98,98,98,98,98,98,97,97,96,97,96,97,93,95,96,96,96,96,96,96,93,95,96,96,92,93,95,89,88,81,81,78,29,21,20,18,16,18
EMR,QAT,Qatar,Pol3,98,97,98,99,99,99,93,92,98,98,98,97,95,98,95,93,96,93,91,92,94,92,92,92,91,90,88,86,82,81,69,86,70,71,60,49,37,43,61
WPR,KOR,Republic of Korea (the),Pol3,98,97,98,98,99,99,99,98,95,95,92,91,98,96,90,94,99,99,99,85,71,81,91,99,93,88,84,79,74,88,91,93,80,80,80,78,70,62,
EUR,MDA,Republic of Moldova (the),Pol3,94,90,91,88,92,92,92,96,97,87,96,93,98,99,98,98,98,98,97,98,98,98,99,97,94,92,93,,,,,,,,,,,,
EUR,ROU,Romania,Pol3,86,82,89,89,94,88,92,89,94,95,95,96,97,97,97,97,98,99,99,98,98,97,97,94,94,91,92,90,92,95,92,90,90,92,,,,,
EUR,RUS,Russian Federation (the),Pol3,96,96,97,97,97,98,98,97,98,98,98,98,98,98,98,97,97,97,97,97,94,91,87,77,68,82,69,,,,,,,,,,,,
AFR,RWA,Rwanda,Pol3,97,98,99,99,98,98,98,93,93,93,97,98,99,95,89,96,85,76,90,85,79,73,89,84,23,83,86,90,83,93,78,86,86,56,41,25,20,15,
AMR,KNA,Saint Kitts and Nevis,Pol3,97,96,99,90,95,96,97,98,90,94,97,99,98,99,95,98,96,99,98,98,97,99,98,99,99,99,99,99,99,99,93,98,99,89,97,91,93,71,76
AMR,LCA,Saint Lucia,Pol3,95,80,95,99,99,99,98,99,97,95,96,99,85,95,91,91,90,99,70,89,88,98,88,98,93,97,96,95,90,93,87,86,88,44,84,80,81,65,58
AMR,VCT,Saint Vincent and the Grenadines,Pol3,99,99,99,99,97,97,96,96,99,99,99,99,99,93,99,99,99,99,99,99,99,99,99,97,99,99,99,99,92,97,97,96,95,89,90,84,99,33,26
WPR,WSM,Samoa,Pol3,31,71,77,81,78,82,82,79,74,61,69,63,49,66,35,90,91,88,98,97,99,99,95,94,93,92,91,79,88,66,90,93,94,92,96,89,87,66,29
EUR,SMR,San Marino,Pol3,93,91,88,87,86,88,91,94,91,92,92,92,93,96,96,96,97,97,97,97,97,97,98,98,99,99,99,99,99,99,99,99,99,99,99,99,,,
AFR,STP,Sao Tome and Principe,Pol3,95,95,96,96,95,97,96,96,98,99,99,98,97,97,99,94,92,90,87,80,72,73,68,79,69,60,67,87,90,62,72,72,66,48,48,48,48,48,
EMR,SAU,Saudi Arabia,Pol3,98,97,97,97,98,98,98,98,98,98,98,96,96,96,96,95,95,97,95,93,94,92,93,96,95,94,91,91,92,96,89,89,86,81,76,67,62,53,41
AFR,SEN,Senegal,Pol3,81,91,92,85,85,89,83,89,76,83,87,93,89,84,87,73,60,49,49,60,60,65,70,80,57,58,59,51,53,56,58,56,55,,,,,,
EUR,SRB,Serbia,Pol3,96,95,93,95,93,97,93,94,91,97,95,93,97,98,96,89,95,93,98,92,93,94,91,90,84,83,84,,,,,,,,,,,,
AFR,SYC,Seychelles,Pol3,99,97,96,97,99,98,98,99,99,99,99,99,99,99,99,99,99,96,98,99,99,98,99,97,96,96,96,98,99,97,94,89,94,86,95,98,57,16,
AFR,SLE,Sierra Leone,Pol3,90,90,84,86,83,92,91,88,84,81,75,63,65,67,69,66,54,38,46,61,,,,,,,,,,,,,,,,,,,
WPR,SGP,Singapore,Pol3,96,96,96,96,96,97,97,96,96,97,97,97,95,96,95,96,94,95,98,97,97,98,97,98,94,92,92,91,85,90,90,95,94,81,81,86,83,88,83
EUR,SVK,Slovakia,Pol3,96,96,96,96,97,98,99,99,99,99,99,99,99,99,99,98,98,99,98,99,98,98,98,98,98,,,,,,,,,,,,,,
EUR,SVN,Slovenia,Pol3,93,94,94,95,95,95,96,96,96,96,97,97,97,95,94,95,93,93,93,93,90,92,98,98,98,98,98,,,,,,,,,,,,
WPR,SLB,Solomon Islands,Pol3,85,80,89,85,78,85,88,97,84,90,88,89,99,90,89,84,78,88,88,88,71,70,98,69,65,71,73,74,75,66,63,41,41,36,41,27,22,34,43
EMR,SOM,Somalia,Pol3,47,47,47,47,47,47,47,49,49,41,40,40,26,35,30,40,40,33,37,40,35,19,21,22,23,21,20,18,18,18,26,25,17,22,11,5,5,2,8
AFR,ZAF,South Africa,Pol3,74,76,76,85,85,79,69,71,72,75,77,79,79,75,73,70,70,71,71,71,72,72,73,72,73,81,79,82,76,73,70,75,70,77,76,80,,,
AFR,SSD,South Sudan,Pol3,50,48,45,52,52,56,67,66,,,,,,,,,,,,,,,,,,,,,,,,,,,,,,,
EUR,ESP,Spain,Pol3,93,95,97,97,97,96,97,97,97,96,97,96,98,96,97,99,98,95,95,95,94,94,91,88,88,88,85,88,94,94,94,82,75,73,91,,,,
SEAR,LKA,Sri Lanka,Pol3,99,99,99,99,99,99,99,99,99,97,98,98,98,99,97,98,98,98,99,99,94,98,92,92,89,90,88,86,86,88,85,79,75,71,65,64,56,45,46
EMR,SDN,Sudan (the),Pol3,93,95,93,93,94,93,92,93,90,81,85,84,77,78,74,69,60,66,62,64,48,55,56,48,46,51,53,62,62,61,41,27,14,8,4,3,2,1,1
AMR,SUR,Suriname,Pol3,95,65,91,89,85,86,84,86,96,85,85,84,84,84,84,74,74,65,70,84,90,81,84,81,71,75,71,77,81,71,71,70,80,85,79,83,53,22,24
EUR,SWE,Sweden,Pol3,97,97,98,98,97,98,98,98,98,98,98,98,98,98,99,99,99,99,99,99,99,99,99,99,99,99,99,99,99,99,99,99,99,98,98,98,98,98,97
EUR,CHE,Switzerland,Pol3,96,96,96,96,96,96,96,96,96,96,96,94,94,94,95,95,95,95,95,95,92,95,95,95,95,95,95,95,98,98,95,97,98,,,,,,
EMR,SYR,Syrian Arab Republic (the),Pol3,53,53,48,50,52,50,47,60,83,83,83,83,83,83,84,85,86,83,86,87,88,87,88,89,89,90,89,89,91,94,59,42,86,29,25,21,15,14,13
EUR,TJK,Tajikistan,Pol3,96,97,97,96,94,97,96,97,95,93,87,85,76,79,82,82,84,84,86,84,82,80,77,69,80,65,61,,,,,,,,,,,,
SEAR,THA,Thailand,Pol3,97,99,99,99,99,99,99,99,99,99,99,98,98,98,98,98,97,97,97,97,96,95,94,96,93,89,84,90,92,84,80,71,66,61,56,46,39,31,19
SEAR,TLS,Timor-Leste,Pol3,83,83,79,75,76,82,83,66,72,78,79,70,62,55,57,55,38,,,,,,,,,,,,,,,,,,,,,,
AFR,TGO,Togo,Pol3,66,84,89,88,85,84,84,85,83,78,80,72,85,80,71,72,58,51,63,57,43,47,53,59,62,66,69,73,76,72,54,60,35,23,11,10,10,9,
WPR,TON,Tonga,Pol3,83,83,80,80,82,84,79,84,84,86,88,88,89,90,91,91,85,91,91,91,96,96,99,93,90,96,99,92,93,93,92,87,73,81,46,57,80,37,20
AMR,TTO,Trinidad and Tobago,Pol3,99,94,84,88,94,94,91,91,91,90,91,90,89,95,94,91,96,91,90,90,91,91,90,90,85,78,87,81,87,77,83,80,71,74,66,61,59,55,38
EMR,TUN,Tunisia,Pol3,97,98,98,98,98,98,97,98,98,99,99,98,99,98,97,95,96,98,97,99,96,96,95,94,93,94,95,93,93,93,91,84,72,70,66,62,,,
EUR,TUR,Turkey,Pol3,98,96,98,97,96,98,97,97,97,96,96,96,90,90,85,69,78,88,85,79,81,79,73,67,91,76,77,72,84,79,86,86,45,55,57,59,61,69,63
EUR,TKM,Turkmenistan,Pol3,99,99,98,99,98,98,98,97,96,97,96,98,98,99,98,66,99,94,98,98,99,99,98,96,94,92,91,,,,,,,,,,,,
WPR,TUV,Tuvalu,Pol3,89,96,94,96,89,90,97,96,89,85,99,97,97,99,98,93,98,96,82,84,78,80,92,85,95,86,86,71,84,66,91,59,73,97,74,83,79,44,23
AFR,UGA,Uganda,Pol3,88,90,97,92,78,78,79,79,79,78,69,70,62,59,58,57,57,56,55,54,50,55,57,58,59,56,52,49,45,42,38,30,21,13,12,11,9,8,
EUR,UKR,Ukraine,Pol3,48,48,56,51,45,72,72,54,57,74,91,98,99,95,99,99,99,99,99,98,98,99,99,97,96,91,89,,,,,,,,,,,,
EMR,ARE,United Arab Emirates (the),Pol3,99,96,99,99,99,98,96,95,94,94,94,94,94,94,94,94,94,94,94,94,94,92,90,90,90,90,86,85,85,85,82,80,77,74,59,50,46,45,11
EUR,GBR,United Kingdom of Great Britain and Northern Ireland (the),Pol3,94,94,94,95,95,95,95,95,94,93,92,92,92,91,92,91,91,91,91,92,91,92,96,96,95,95,95,93,92,89,87,87,85,95,84,84,84,82,81
AFR,TZA,United Republic of Tanzania,Pol3,91,96,93,96,97,91,90,88,94,88,89,88,91,91,95,97,91,65,64,74,79,79,80,79,83,78,82,81,78,66,82,80,73,64,47,49,48,46,57
AMR,USA,United States of America (the),Pol3,93,94,94,93,93,93,93,94,93,93,94,93,93,92,92,91,90,89,90,90,91,91,91,88,84,79,72,78,85,91,97,97,97,96,97,97,97,96,95
AMR,URY,Uruguay,Pol3,91,93,95,95,95,94,95,95,95,95,94,94,95,96,95,91,93,94,92,93,91,91,91,91,91,92,93,96,97,88,82,85,64,58,80,77,72,60,59
EUR,UZB,Uzbekistan,Pol3,98,99,99,99,99,99,99,99,99,99,98,98,94,99,99,99,99,99,99,99,99,98,97,99,79,46,85,,,,,,,,,,,,
WPR,VUT,Vanuatu,Pol3,85,83,81,80,80,78,77,75,74,72,70,69,67,67,67,67,67,67,67,67,67,67,68,74,74,87,78,82,78,70,58,53,31,27,27,18,17,,
AMR,VEN,Venezuela (Bolivarian Republic of),Pol3,53,79,82,87,79,82,73,78,74,75,76,67,73,80,83,86,81,87,86,86,62,76,73,85,73,72,73,74,72,67,74,61,64,59,59,77,76,75,95
WPR,VNM,Viet Nam,Pol3,90,94,95,97,96,93,97,96,94,97,93,92,94,94,96,96,92,96,96,93,94,95,94,94,94,91,89,88,88,70,54,45,45,62,5,2,,,
EMR,YEM,Yemen,Pol3,59,62,65,63,67,67,68,69,77,76,78,79,78,80,72,61,64,73,74,71,68,40,47,44,33,54,50,47,84,56,36,18,13,12,7,5,4,3,1
AFR,ZMB,Zambia,Pol3,90,92,87,90,78,74,70,83,80,93,90,77,83,84,84,85,85,86,85,84,83,82,83,84,90,87,83,80,90,81,81,81,74,61,50,46,,,
AFR,ZWE,Zimbabwe,Pol3,89,89,90,88,92,95,95,93,89,69,75,73,71,69,67,70,73,76,78,81,84,86,90,88,87,85,86,88,89,88,87,86,82,63,61,53,46,38,